stock_id,stock_name,exchange,industry,xueqiu_symbol,active
600000,浦发银行,SH,银行,SH600000,1
601166,兴业银行,SH,银行,SH601166,1
601398,工商银行,SH,银行,SH601398,1
601939,建设银行,SH,银行,SH601939,1
601288,农业银行,SH,银行,SH601288,1
601988,中国银行,SH,银行,SH601988,1
601328,交通银行,SH,银行,SH601328,1
601658,邮储银行,SH,银行,SH601658,1
601998,中信银行,SH,银行,SH601998,1
601229,上海银行,SH,银行,SH601229,1
600016,民生银行,SH,银行,SH600016,1
000002,万科A,SZ,房地产,SZ000002,1
600048,保利发展,SH,房地产,SH600048,1
001979,招商蛇口,SZ,房地产,SZ001979,1
600606,绿地控股,SH,房地产,SH600606,1
000069,华侨城A,SZ,房地产,SZ000069,1
600030,中信证券,SH,非银金融,SH600030,1
601211,国泰海通,SH,非银金融,SH601211,1
601688,华泰证券,SH,非银金融,SH601688,1
601601,中国太保,SH,非银金融,SH601601,1
601628,中国人寿,SH,非银金融,SH601628,1
601336,新华保险,SH,非银金融,SH601336,1
000166,申万宏源,SZ,非银金融,SZ000166,1
600104,上汽集团,SH,汽车,SH600104,1
000625,长安汽车,SZ,汽车,SZ000625,1
601633,长城汽车,SH,汽车,SH601633,1
600418,江淮汽车,SH,汽车,SH600418,1
000338,潍柴动力,SZ,汽车,SZ000338,1
601888,中国中免,SH,商贸零售,SH601888,1
600690,海尔智家,SH,家用电器,SH600690,1
000651,格力电器,SZ,家用电器,SZ000651,1
000333,美的集团,SZ,家用电器,SZ000333,1
600887,伊利股份,SH,食品饮料,SH600887,1
000858,五粮液,SZ,食品饮料,SZ000858,1
600276,恒瑞医药,SH,医药生物,SH600276,1
000538,云南白药,SZ,医药生物,SZ000538,1
603259,药明康德,SH,医药生物,SH603259,1
300015,爱尔眼科,SZ,医药生物,SZ300015,1
600085,同仁堂,SH,医药生物,SH600085,1
600438,通威股份,SH,电力设备,SH600438,1
601012,隆基绿能,SH,电力设备,SH601012,1
002129,中环股份,SZ,电力设备,SZ002129,1
300274,阳光电源,SZ,电力设备,SZ300274,1
688599,天合光能,SH,电力设备,SH688599,1
000100,TCL科技,SZ,电子,SZ000100,1
002415,海康威视,SZ,电子,SZ002415,1
688981,中芯国际,SH,电子,SH688981,1
002049,紫光国微,SZ,电子,SZ002049,1
603501,韦尔股份,SH,电子,SH603501,1
600703,三安光电,SH,电子,SH600703,1
600570,恒生电子,SH,计算机,SH600570,1
000977,浪潮信息,SZ,计算机,SZ000977,1
002230,科大讯飞,SZ,计算机,SZ002230,1
600588,用友网络,SH,计算机,SH600588,1
300496,中科创达,SZ,计算机,SZ300496,1
300454,深信服,SZ,计算机,SZ300454,1
601728,中国电信,SH,通信,SH601728,1
600941,中国移动,SH,通信,SH600941,1
000063,中兴通讯,SZ,通信,SZ000063,1
600050,中国联通,SH,通信,SH600050,1
601390,中国中铁,SH,建筑,SH601390,1
601668,中国建筑,SH,建筑,SH601668,1
601800,中国交建,SH,建筑,SH601800,1
000039,中集集团,SZ,交通运输,SZ000039,1
601006,大秦铁路,SH,交通运输,SH601006,1
600029,南方航空,SH,交通运输,SH600029,1
601111,中国国航,SH,交通运输,SH601111,1
600009,上海机场,SH,交通运输,SH600009,1
601919,中远海控,SH,交通运输,SH601919,1
600028,中国石化,SH,石油石化,SH600028,1
601088,中国神华,SH,煤炭,SH601088,1
600188,兖矿能源,SH,煤炭,SH600188,1
601225,陕西煤业,SH,煤炭,SH601225,1
600900,长江电力,SH,公用事业,SH600900,1
600011,华能国际,SH,公用事业,SH600011,1
600025,华能水电,SH,公用事业,SH600025,1
601985,中国核电,SH,公用事业,SH601985,1
002007,华兰生物,SZ,医药生物,SZ002007,1
300122,智飞生物,SZ,医药生物,SZ300122,1
002371,北方华创,SZ,电子,SZ002371,1
300124,汇川技术,SZ,电力设备,SZ300124,1
002475,立讯精密,SZ,电子,SZ002475,1
002594,比亚迪,SZ,汽车,SZ002594,1
300502,新易盛,SZ,通信,SZ300502,1
300408,三环集团,SZ,电子,SZ300408,1
600089,特变电工,SH,电力设备,SH600089,1
601669,中国电建,SH,建筑,SH601669,1
600115,中国东航,SH,交通运输,SH600115,1
000725,京东方A,SZ,电子,SZ000725,1
600515,海南机场,SH,交通运输,SH600515,1
000001,平安银行,SZ,银行,SZ000001,1
600519,贵州茅台,SH,食品饮料,SH600519,1
601318,中国平安,SH,非银金融,SH601318,1
300750,宁德时代,SZ,电力设备,SZ300750,1
300059,东方财富,SZ,非银金融,SZ300059,1
600036,招商银行,SH,银行,SH600036,1
601857,中国石油,SH,石油石化,SH601857,1
601138,工业富联,SH,电子,SH601138,1
601766,中国中车,SH,机械设备,SH601766,1
601186,中国铁建,SH,建筑,SH601186,1
000006,深振业Ａ,SZ,K 房地产,SZ000006,1
000007,全新好,SZ,K 房地产,SZ000007,1
000008,神州高铁,SZ,C 制造业,SZ000008,1
000009,中国宝安,SZ,J 金融业,SZ000009,1
000011,深物业A,SZ,K 房地产,SZ000011,1
000012,南玻Ａ,SZ,C 制造业,SZ000012,1
000014,沙河股份,SZ,K 房地产,SZ000014,1
000017,深中华A,SZ,C 制造业,SZ000017,1
000019,深粮控股,SZ,F 批发零售,SZ000019,1
000020,深华发Ａ,SZ,C 制造业,SZ000020,1
000021,深科技,SZ,C 制造业,SZ000021,1
000025,特力Ａ,SZ,F 批发零售,SZ000025,1
000026,飞亚达,SZ,F 批发零售,SZ000026,1
000027,深圳能源,SZ,D 水电煤气,SZ000027,1
000028,国药一致,SZ,F 批发零售,SZ000028,1
000029,深深房Ａ,SZ,K 房地产,SZ000029,1
000030,富奥股份,SZ,C 制造业,SZ000030,1
000031,大悦城,SZ,K 房地产,SZ000031,1
000032,深桑达Ａ,SZ,E 建筑业,SZ000032,1
000034,神州数码,SZ,F 批发零售,SZ000034,1
000035,中国天楹,SZ,N 公共环保,SZ000035,1
000036,华联控股,SZ,K 房地产,SZ000036,1
000037,深南电A,SZ,D 水电煤气,SZ000037,1
000042,中洲控股,SZ,K 房地产,SZ000042,1
000045,深纺织Ａ,SZ,C 制造业,SZ000045,1
000048,京基智农,SZ,A 农林牧渔,SZ000048,1
000049,德赛电池,SZ,C 制造业,SZ000049,1
000050,深天马Ａ,SZ,C 制造业,SZ000050,1
000055,方大集团,SZ,C 制造业,SZ000055,1
000058,深赛格,SZ,L 商务服务,SZ000058,1
000059,华锦股份,SZ,C 制造业,SZ000059,1
000060,中金岭南,SZ,C 制造业,SZ000060,1
000061,农产品,SZ,L 商务服务,SZ000061,1
000062,深圳华强,SZ,F 批发零售,SZ000062,1
000065,北方国际,SZ,F 批发零售,SZ000065,1
000066,中国长城,SZ,C 制造业,SZ000066,1
000068,华控赛格,SZ,F 批发零售,SZ000068,1
000070,特发信息,SZ,C 制造业,SZ000070,1
000088,盐田港,SZ,G 运输仓储,SZ000088,1
000089,深圳机场,SZ,G 运输仓储,SZ000089,1
000090,天健集团,SZ,E 建筑业,SZ000090,1
000096,广聚能源,SZ,F 批发零售,SZ000096,1
000099,中信海直,SZ,G 运输仓储,SZ000099,1
000151,中成股份,SZ,F 批发零售,SZ000151,1
000153,丰原药业,SZ,C 制造业,SZ000153,1
000155,川能动力,SZ,D 水电煤气,SZ000155,1
000156,华数传媒,SZ,I 信息技术,SZ000156,1
000157,中联重科,SZ,C 制造业,SZ000157,1
000158,常山北明,SZ,I 信息技术,SZ000158,1
000159,国际实业,SZ,F 批发零售,SZ000159,1
000301,东方盛虹,SZ,C 制造业,SZ000301,1
000400,许继电气,SZ,C 制造业,SZ000400,1
000401,金隅冀东,SZ,C 制造业,SZ000401,1
000402,金融街,SZ,K 房地产,SZ000402,1
000403,派林生物,SZ,C 制造业,SZ000403,1
000404,长虹华意,SZ,C 制造业,SZ000404,1
000407,胜利股份,SZ,D 水电煤气,SZ000407,1
000408,藏格矿业,SZ,C 制造业,SZ000408,1
000409,云鼎科技,SZ,I 信息技术,SZ000409,1
000410,沈阳机床,SZ,C 制造业,SZ000410,1
000411,英特集团,SZ,F 批发零售,SZ000411,1
000415,渤海租赁,SZ,L 商务服务,SZ000415,1
000417,合百集团,SZ,F 批发零售,SZ000417,1
000419,通程控股,SZ,F 批发零售,SZ000419,1
000420,吉林化纤,SZ,C 制造业,SZ000420,1
000421,南京公用,SZ,D 水电煤气,SZ000421,1
000422,湖北宜化,SZ,C 制造业,SZ000422,1
000423,东阿阿胶,SZ,C 制造业,SZ000423,1
000425,徐工机械,SZ,C 制造业,SZ000425,1
000426,兴业银锡,SZ,B 采矿业,SZ000426,1
000428,华天酒店,SZ,H 住宿餐饮,SZ000428,1
000429,粤高速Ａ,SZ,G 运输仓储,SZ000429,1
000430,张家界,SZ,N 公共环保,SZ000430,1
000498,山东路桥,SZ,E 建筑业,SZ000498,1
000501,武商集团,SZ,F 批发零售,SZ000501,1
000503,国新健康,SZ,I 信息技术,SZ000503,1
000504,南华生物,SZ,M 科研服务,SZ000504,1
000505,京粮控股,SZ,C 制造业,SZ000505,1
000506,招金黄金,SZ,B 采矿业,SZ000506,1
000507,珠海港,SZ,G 运输仓储,SZ000507,1
000509,华塑控股,SZ,C 制造业,SZ000509,1
000510,新金路,SZ,C 制造业,SZ000510,1
000513,丽珠集团,SZ,C 制造业,SZ000513,1
000514,渝开发,SZ,K 房地产,SZ000514,1
000516,国际医学,SZ,Q 卫生,SZ000516,1
000517,荣安地产,SZ,K 房地产,SZ000517,1
000518,四环生物,SZ,C 制造业,SZ000518,1
000519,中兵红箭,SZ,C 制造业,SZ000519,1
000520,凤凰航运,SZ,G 运输仓储,SZ000520,1
000521,长虹美菱,SZ,C 制造业,SZ000521,1
000523,红棉股份,SZ,C 制造业,SZ000523,1
000524,岭南控股,SZ,L 商务服务,SZ000524,1
000525,红太阳,SZ,C 制造业,SZ000525,1
000526,学大教育,SZ,P 教育,SZ000526,1
000528,柳工,SZ,C 制造业,SZ000528,1
000529,广弘控股,SZ,C 制造业,SZ000529,1
000530,冰山冷热,SZ,C 制造业,SZ000530,1
000531,穗恒运Ａ,SZ,D 水电煤气,SZ000531,1
000532,华金资本,SZ,S 综合,SZ000532,1
000533,顺钠股份,SZ,C 制造业,SZ000533,1
000534,万泽股份,SZ,C 制造业,SZ000534,1
000536,华映科技,SZ,C 制造业,SZ000536,1
000537,绿发电力,SZ,D 水电煤气,SZ000537,1
000539,粤电力Ａ,SZ,D 水电煤气,SZ000539,1
000541,佛山照明,SZ,C 制造业,SZ000541,1
000543,皖能电力,SZ,D 水电煤气,SZ000543,1
000544,中原环保,SZ,D 水电煤气,SZ000544,1
000545,金浦钛业,SZ,C 制造业,SZ000545,1
000546,金圆股份,SZ,C 制造业,SZ000546,1
000547,航天发展,SZ,C 制造业,SZ000547,1
000548,湖南投资,SZ,G 运输仓储,SZ000548,1
000550,江铃汽车,SZ,C 制造业,SZ000550,1
000551,创元科技,SZ,C 制造业,SZ000551,1
000552,甘肃能化,SZ,B 采矿业,SZ000552,1
000553,安道麦A,SZ,C 制造业,SZ000553,1
000554,泰山石油,SZ,F 批发零售,SZ000554,1
000555,神州信息,SZ,I 信息技术,SZ000555,1
000557,西部创业,SZ,G 运输仓储,SZ000557,1
000558,天府文旅,SZ,N 公共环保,SZ000558,1
000559,万向钱潮,SZ,C 制造业,SZ000559,1
000560,我爱我家,SZ,K 房地产,SZ000560,1
000561,烽火电子,SZ,C 制造业,SZ000561,1
000563,陕国投Ａ,SZ,J 金融业,SZ000563,1
000564,供销大集,SZ,F 批发零售,SZ000564,1
000565,渝三峡Ａ,SZ,C 制造业,SZ000565,1
000566,海南海药,SZ,C 制造业,SZ000566,1
000567,海德股份,SZ,J 金融业,SZ000567,1
000568,泸州老窖,SZ,C 制造业,SZ000568,1
000570,苏常柴Ａ,SZ,C 制造业,SZ000570,1
000571,新大洲A,SZ,B 采矿业,SZ000571,1
000572,海马汽车,SZ,C 制造业,SZ000572,1
000573,粤宏远Ａ,SZ,C 制造业,SZ000573,1
000576,甘化科工,SZ,C 制造业,SZ000576,1
000581,威孚高科,SZ,C 制造业,SZ000581,1
000582,北部湾港,SZ,G 运输仓储,SZ000582,1
000586,汇源通信,SZ,C 制造业,SZ000586,1
000589,贵州轮胎,SZ,C 制造业,SZ000589,1
000590,古汉医药,SZ,C 制造业,SZ000590,1
000591,太阳能,SZ,D 水电煤气,SZ000591,1
000592,平潭发展,SZ,C 制造业,SZ000592,1
000593,德龙汇能,SZ,D 水电煤气,SZ000593,1
000595,新能股份,SZ,C 制造业,SZ000595,1
000596,古井贡酒,SZ,C 制造业,SZ000596,1
000597,东北制药,SZ,C 制造业,SZ000597,1
000598,兴蓉环境,SZ,D 水电煤气,SZ000598,1
000599,青岛双星,SZ,C 制造业,SZ000599,1
000600,建投能源,SZ,D 水电煤气,SZ000600,1
000601,韶能股份,SZ,D 水电煤气,SZ000601,1
000603,盛达资源,SZ,B 采矿业,SZ000603,1
000605,渤海股份,SZ,D 水电煤气,SZ000605,1
000607,华媒控股,SZ,L 商务服务,SZ000607,1
000608,阳光股份,SZ,K 房地产,SZ000608,1
000612,焦作万方,SZ,C 制造业,SZ000612,1
000617,中油资本,SZ,J 金融业,SZ000617,1
000619,海螺新材,SZ,C 制造业,SZ000619,1
000620,盈新发展,SZ,K 房地产,SZ000620,1
000623,吉林敖东,SZ,C 制造业,SZ000623,1
000626,远大控股,SZ,F 批发零售,SZ000626,1
000628,高新发展,SZ,E 建筑业,SZ000628,1
000629,钒钛股份,SZ,C 制造业,SZ000629,1
000630,铜陵有色,SZ,C 制造业,SZ000630,1
000631,顺发恒能,SZ,K 房地产,SZ000631,1
000633,合金投资,SZ,C 制造业,SZ000633,1
000635,英力特,SZ,C 制造业,SZ000635,1
000636,风华高科,SZ,C 制造业,SZ000636,1
000637,茂化实华,SZ,C 制造业,SZ000637,1
000650,仁和药业,SZ,C 制造业,SZ000650,1
000652,泰达股份,SZ,F 批发零售,SZ000652,1
000655,金岭矿业,SZ,B 采矿业,SZ000655,1
000656,金科股份,SZ,K 房地产,SZ000656,1
000657,中钨高新,SZ,C 制造业,SZ000657,1
000659,珠海中富,SZ,C 制造业,SZ000659,1
000661,长春高新,SZ,C 制造业,SZ000661,1
000663,永安林业,SZ,A 农林牧渔,SZ000663,1
000665,湖北广电,SZ,I 信息技术,SZ000665,1
000668,荣丰控股,SZ,K 房地产,SZ000668,1
000670,盈方微,SZ,F 批发零售,SZ000670,1
000672,上峰材料,SZ,C 制造业,SZ000672,1
000676,智度股份,SZ,L 商务服务,SZ000676,1
000678,襄阳轴承,SZ,C 制造业,SZ000678,1
000679,大连友谊,SZ,F 批发零售,SZ000679,1
000680,山推股份,SZ,C 制造业,SZ000680,1
000681,视觉中国,SZ,I 信息技术,SZ000681,1
000682,东方电子,SZ,I 信息技术,SZ000682,1
000683,博源化工,SZ,C 制造业,SZ000683,1
000685,中山公用,SZ,D 水电煤气,SZ000685,1
000686,东北证券,SZ,J 金融业,SZ000686,1
000688,国城矿业,SZ,B 采矿业,SZ000688,1
000690,宝新能源,SZ,D 水电煤气,SZ000690,1
000691,亚太实业,SZ,C 制造业,SZ000691,1
000692,惠天热电,SZ,D 水电煤气,SZ000692,1
000695,滨海能源,SZ,C 制造业,SZ000695,1
000697,炼石航空,SZ,C 制造业,SZ000697,1
000700,模塑科技,SZ,C 制造业,SZ000700,1
000701,厦门信达,SZ,F 批发零售,SZ000701,1
000702,正虹科技,SZ,C 制造业,SZ000702,1
000703,恒逸石化,SZ,C 制造业,SZ000703,1
000705,浙江震元,SZ,F 批发零售,SZ000705,1
000707,双环科技,SZ,C 制造业,SZ000707,1
000708,中信特钢,SZ,C 制造业,SZ000708,1
000709,河钢股份,SZ,C 制造业,SZ000709,1
000710,贝瑞基因,SZ,M 科研服务,SZ000710,1
000712,锦龙股份,SZ,J 金融业,SZ000712,1
000713,国投丰乐,SZ,A 农林牧渔,SZ000713,1
000715,中兴商业,SZ,F 批发零售,SZ000715,1
000716,黑芝麻,SZ,C 制造业,SZ000716,1
000717,中南股份,SZ,C 制造业,SZ000717,1
000718,苏宁环球,SZ,K 房地产,SZ000718,1
000719,中原传媒,SZ,R 文化传播,SZ000719,1
000720,新能泰山,SZ,C 制造业,SZ000720,1
000721,西安饮食,SZ,H 住宿餐饮,SZ000721,1
000722,湖南发展,SZ,D 水电煤气,SZ000722,1
000723,美锦能源,SZ,C 制造业,SZ000723,1
000726,鲁泰Ａ,SZ,C 制造业,SZ000726,1
000727,冠捷科技,SZ,C 制造业,SZ000727,1
000728,国元证券,SZ,J 金融业,SZ000728,1
000729,燕京啤酒,SZ,C 制造业,SZ000729,1
000731,四川美丰,SZ,C 制造业,SZ000731,1
000733,振华科技,SZ,C 制造业,SZ000733,1
000735,罗牛山,SZ,A 农林牧渔,SZ000735,1
000736,中交发展,SZ,K 房地产,SZ000736,1
000737,北方铜业,SZ,C 制造业,SZ000737,1
000738,航发控制,SZ,C 制造业,SZ000738,1
000739,普洛药业,SZ,C 制造业,SZ000739,1
000750,国海证券,SZ,J 金融业,SZ000750,1
000751,锌业股份,SZ,C 制造业,SZ000751,1
000753,漳州发展,SZ,F 批发零售,SZ000753,1
000755,山西高速,SZ,G 运输仓储,SZ000755,1
000756,新华制药,SZ,C 制造业,SZ000756,1
000757,浩物股份,SZ,F 批发零售,SZ000757,1
000758,中色股份,SZ,B 采矿业,SZ000758,1
000759,中百集团,SZ,F 批发零售,SZ000759,1
000761,本钢板材,SZ,C 制造业,SZ000761,1
000762,西藏矿业,SZ,B 采矿业,SZ000762,1
000766,通化金马,SZ,C 制造业,SZ000766,1
000767,晋控电力,SZ,D 水电煤气,SZ000767,1
000768,中航西飞,SZ,C 制造业,SZ000768,1
000776,广发证券,SZ,J 金融业,SZ000776,1
000777,中核科技,SZ,C 制造业,SZ000777,1
000778,新兴铸管,SZ,C 制造业,SZ000778,1
000779,甘咨询,SZ,M 科研服务,SZ000779,1
000782,恒申新材,SZ,C 制造业,SZ000782,1
000783,长江证券,SZ,J 金融业,SZ000783,1
000785,居然智家,SZ,L 商务服务,SZ000785,1
000786,北新建材,SZ,C 制造业,SZ000786,1
000788,北大医药,SZ,C 制造业,SZ000788,1
000789,万年青,SZ,C 制造业,SZ000789,1
000790,华神科技,SZ,C 制造业,SZ000790,1
000791,甘肃能源,SZ,D 水电煤气,SZ000791,1
000792,盐湖股份,SZ,C 制造业,SZ000792,1
000795,英洛华,SZ,C 制造业,SZ000795,1
000796,凯撒旅业,SZ,L 商务服务,SZ000796,1
000797,中国武夷,SZ,K 房地产,SZ000797,1
000798,中水渔业,SZ,A 农林牧渔,SZ000798,1
000799,酒鬼酒,SZ,C 制造业,SZ000799,1
000800,一汽解放,SZ,C 制造业,SZ000800,1
000801,四川九洲,SZ,C 制造业,SZ000801,1
000802,北京文化,SZ,R 文化传播,SZ000802,1
000803,山高环能,SZ,N 公共环保,SZ000803,1
000807,云铝股份,SZ,C 制造业,SZ000807,1
000809,和展能源,SZ,C 制造业,SZ000809,1
000810,创维数字,SZ,C 制造业,SZ000810,1
000811,冰轮环境,SZ,C 制造业,SZ000811,1
000812,陕西金叶,SZ,C 制造业,SZ000812,1
000813,德展健康,SZ,C 制造业,SZ000813,1
000815,美利云,SZ,C 制造业,SZ000815,1
000816,智慧农业,SZ,C 制造业,SZ000816,1
000818,航锦科技,SZ,C 制造业,SZ000818,1
000819,岳阳兴长,SZ,C 制造业,SZ000819,1
000820,神雾节能,SZ,M 科研服务,SZ000820,1
000822,山东海化,SZ,C 制造业,SZ000822,1
000823,超声电子,SZ,C 制造业,SZ000823,1
000825,太钢不锈,SZ,C 制造业,SZ000825,1
000828,东莞控股,SZ,G 运输仓储,SZ000828,1
000829,天音控股,SZ,F 批发零售,SZ000829,1
000830,鲁西化工,SZ,C 制造业,SZ000830,1
000831,中国稀土,SZ,C 制造业,SZ000831,1
000833,粤桂股份,SZ,S 综合,SZ000833,1
000837,秦川机床,SZ,C 制造业,SZ000837,1
000839,国安股份,SZ,I 信息技术,SZ000839,1
000848,承德露露,SZ,C 制造业,SZ000848,1
000850,华茂股份,SZ,C 制造业,SZ000850,1
000852,石化机械,SZ,C 制造业,SZ000852,1
000856,冀东装备,SZ,C 制造业,SZ000856,1
000859,国风新材,SZ,C 制造业,SZ000859,1
000860,顺鑫农业,SZ,C 制造业,SZ000860,1
000862,银星能源,SZ,D 水电煤气,SZ000862,1
000863,三湘印象,SZ,K 房地产,SZ000863,1
000868,安凯客车,SZ,C 制造业,SZ000868,1
000869,张裕Ａ,SZ,C 制造业,SZ000869,1
000875,电投绿能,SZ,D 水电煤气,SZ000875,1
000876,新希望,SZ,C 制造业,SZ000876,1
000877,天山股份,SZ,C 制造业,SZ000877,1
000878,云南铜业,SZ,C 制造业,SZ000878,1
000880,潍柴重机,SZ,C 制造业,SZ000880,1
000881,中广核技,SZ,C 制造业,SZ000881,1
000882,华联股份,SZ,L 商务服务,SZ000882,1
000883,湖北能源,SZ,D 水电煤气,SZ000883,1
000885,城发环境,SZ,N 公共环保,SZ000885,1
000886,海南高速,SZ,G 运输仓储,SZ000886,1
000887,中鼎股份,SZ,C 制造业,SZ000887,1
000888,峨眉山Ａ,SZ,N 公共环保,SZ000888,1
000889,中嘉博创,SZ,I 信息技术,SZ000889,1
000890,法尔胜,SZ,C 制造业,SZ000890,1
000892,欢瑞世纪,SZ,R 文化传播,SZ000892,1
000893,亚钾国际,SZ,C 制造业,SZ000893,1
000895,双汇发展,SZ,C 制造业,SZ000895,1
000897,津滨发展,SZ,K 房地产,SZ000897,1
000898,鞍钢股份,SZ,C 制造业,SZ000898,1
000899,赣能股份,SZ,D 水电煤气,SZ000899,1
000900,现代投资,SZ,G 运输仓储,SZ000900,1
000901,航天科技,SZ,C 制造业,SZ000901,1
000902,新洋丰,SZ,C 制造业,SZ000902,1
000905,厦门港务,SZ,F 批发零售,SZ000905,1
000906,浙商中拓,SZ,L 商务服务,SZ000906,1
000908,石药景峰,SZ,C 制造业,SZ000908,1
000910,大亚圣象,SZ,C 制造业,SZ000910,1
000912,泸天化,SZ,C 制造业,SZ000912,1
000913,钱江摩托,SZ,C 制造业,SZ000913,1
000915,华特达因,SZ,C 制造业,SZ000915,1
000917,电广传媒,SZ,I 信息技术,SZ000917,1
000919,金陵药业,SZ,C 制造业,SZ000919,1
000920,沃顿科技,SZ,C 制造业,SZ000920,1
000921,海信家电,SZ,C 制造业,SZ000921,1
000922,佳电股份,SZ,C 制造业,SZ000922,1
000923,河钢资源,SZ,B 采矿业,SZ000923,1
000925,众合科技,SZ,C 制造业,SZ000925,1
000926,福星股份,SZ,K 房地产,SZ000926,1
000927,中国铁物,SZ,L 商务服务,SZ000927,1
000928,中钢国际,SZ,E 建筑业,SZ000928,1
000929,兰州黄河,SZ,C 制造业,SZ000929,1
000930,中粮科技,SZ,C 制造业,SZ000930,1
000931,中关村,SZ,C 制造业,SZ000931,1
000932,华菱钢铁,SZ,C 制造业,SZ000932,1
000933,神火股份,SZ,C 制造业,SZ000933,1
000935,四川双马,SZ,C 制造业,SZ000935,1
000936,华西股份,SZ,C 制造业,SZ000936,1
000937,冀中能源,SZ,B 采矿业,SZ000937,1
000938,紫光股份,SZ,C 制造业,SZ000938,1
000948,南天信息,SZ,I 信息技术,SZ000948,1
000949,新乡化纤,SZ,C 制造业,SZ000949,1
000950,重药控股,SZ,F 批发零售,SZ000950,1
000951,中国重汽,SZ,C 制造业,SZ000951,1
000952,广济药业,SZ,C 制造业,SZ000952,1
000953,中哲精化,SZ,C 制造业,SZ000953,1
000955,欣龙控股,SZ,C 制造业,SZ000955,1
000957,中通客车,SZ,C 制造业,SZ000957,1
000958,电投产融,SZ,D 水电煤气,SZ000958,1
000959,首钢股份,SZ,C 制造业,SZ000959,1
000960,锡业股份,SZ,C 制造业,SZ000960,1
000962,东方钽业,SZ,C 制造业,SZ000962,1
000963,华东医药,SZ,F 批发零售,SZ000963,1
000965,天保基建,SZ,K 房地产,SZ000965,1
000966,长源电力,SZ,D 水电煤气,SZ000966,1
000967,盈峰环境,SZ,C 制造业,SZ000967,1
000968,蓝焰控股,SZ,B 采矿业,SZ000968,1
000969,安泰科技,SZ,C 制造业,SZ000969,1
000970,中科三环,SZ,C 制造业,SZ000970,1
000972,中基健康,SZ,C 制造业,SZ000972,1
000973,佛塑科技,SZ,C 制造业,SZ000973,1
000975,山金国际,SZ,B 采矿业,SZ000975,1
000978,桂林旅游,SZ,N 公共环保,SZ000978,1
000980,众泰汽车,SZ,C 制造业,SZ000980,1
000981,山子高科,SZ,C 制造业,SZ000981,1
000983,山西焦煤,SZ,B 采矿业,SZ000983,1
000985,大庆华科,SZ,C 制造业,SZ000985,1
000987,越秀资本,SZ,J 金融业,SZ000987,1
000988,华工科技,SZ,C 制造业,SZ000988,1
000989,九芝堂,SZ,C 制造业,SZ000989,1
000990,诚志股份,SZ,C 制造业,SZ000990,1
000993,闽东电力,SZ,D 水电煤气,SZ000993,1
000995,皇台酒业,SZ,C 制造业,SZ000995,1
000997,新大陆,SZ,I 信息技术,SZ000997,1
000998,隆平高科,SZ,A 农林牧渔,SZ000998,1
000999,华润三九,SZ,C 制造业,SZ000999,1
001201,东瑞股份,SZ,A 农林牧渔,SZ001201,1
001202,炬申股份,SZ,G 运输仓储,SZ001202,1
001203,大中矿业,SZ,B 采矿业,SZ001203,1
001205,盛航股份,SZ,G 运输仓储,SZ001205,1
001206,依依股份,SZ,C 制造业,SZ001206,1
001207,联科科技,SZ,C 制造业,SZ001207,1
001208,华菱线缆,SZ,C 制造业,SZ001208,1
001209,洪兴股份,SZ,C 制造业,SZ001209,1
001210,金房能源,SZ,D 水电煤气,SZ001210,1
001211,双枪科技,SZ,C 制造业,SZ001211,1
001212,中旗新材,SZ,C 制造业,SZ001212,1
001213,中铁特货,SZ,G 运输仓储,SZ001213,1
001215,千味央厨,SZ,C 制造业,SZ001215,1
001216,华瓷股份,SZ,C 制造业,SZ001216,1
001217,华尔泰,SZ,C 制造业,SZ001217,1
001218,丽臣实业,SZ,C 制造业,SZ001218,1
001219,青岛食品,SZ,C 制造业,SZ001219,1
001220,世盟股份,SZ,G 运输仓储,SZ001220,1
001221,悍高集团,SZ,C 制造业,SZ001221,1
001222,源飞宠物,SZ,C 制造业,SZ001222,1
001223,欧克科技,SZ,C 制造业,SZ001223,1
001225,和泰机电,SZ,C 制造业,SZ001225,1
001226,拓山重工,SZ,C 制造业,SZ001226,1
001227,兰州银行,SZ,J 金融业,SZ001227,1
001228,永泰运,SZ,L 商务服务,SZ001228,1
001229,魅视科技,SZ,C 制造业,SZ001229,1
001230,劲旅环境,SZ,N 公共环保,SZ001230,1
001231,农心科技,SZ,C 制造业,SZ001231,1
001232,C嘉立创,SZ,C 制造业,SZ001232,1
001233,海安集团,SZ,C 制造业,SZ001233,1
001234,泰慕士,SZ,C 制造业,SZ001234,1
001236,弘业期货,SZ,J 金融业,SZ001236,1
001237,惠康科技,SZ,C 制造业,SZ001237,1
001238,浙江正特,SZ,C 制造业,SZ001238,1
001239,永达股份,SZ,C 制造业,SZ001239,1
001248,华润新能源,SZ,D 水电煤气,SZ001248,1
001255,博菲电气,SZ,C 制造业,SZ001255,1
001256,炜冈科技,SZ,C 制造业,SZ001256,1
001257,盛龙股份,SZ,B 采矿业,SZ001257,1
001258,立新能源,SZ,D 水电煤气,SZ001258,1
001259,利仁科技,SZ,C 制造业,SZ001259,1
001260,坤泰股份,SZ,C 制造业,SZ001260,1
001266,宏英智能,SZ,C 制造业,SZ001266,1
001267,汇绿生态,SZ,C 制造业,SZ001267,1
001268,联合精密,SZ,C 制造业,SZ001268,1
001269,欧晶科技,SZ,C 制造业,SZ001269,1
001270,铖昌科技,SZ,C 制造业,SZ001270,1
001277,速达股份,SZ,C 制造业,SZ001277,1
001278,一彬科技,SZ,C 制造业,SZ001278,1
001279,强邦新材,SZ,C 制造业,SZ001279,1
001280,中国铀业,SZ,B 采矿业,SZ001280,1
001282,三联锻造,SZ,C 制造业,SZ001282,1
001283,豪鹏科技,SZ,C 制造业,SZ001283,1
001285,瑞立科密,SZ,C 制造业,SZ001285,1
001286,陕西能源,SZ,D 水电煤气,SZ001286,1
001287,中电港,SZ,F 批发零售,SZ001287,1
001288,运机集团,SZ,C 制造业,SZ001288,1
001289,龙源电力,SZ,D 水电煤气,SZ001289,1
001296,长江材料,SZ,C 制造业,SZ001296,1
001298,好上好,SZ,F 批发零售,SZ001298,1
001299,美能能源,SZ,D 水电煤气,SZ001299,1
001300,三柏硕,SZ,C 制造业,SZ001300,1
001301,尚太科技,SZ,C 制造业,SZ001301,1
001306,夏厦精密,SZ,C 制造业,SZ001306,1
001308,康冠科技,SZ,C 制造业,SZ001308,1
001309,德明利,SZ,C 制造业,SZ001309,1
001311,多利科技,SZ,C 制造业,SZ001311,1
001312,福恩股份,SZ,C 制造业,SZ001312,1
001313,粤海饲料,SZ,C 制造业,SZ001313,1
001314,亿道信息,SZ,C 制造业,SZ001314,1
001316,润贝航科,SZ,F 批发零售,SZ001316,1
001317,三羊马,SZ,G 运输仓储,SZ001317,1
001318,阳光乳业,SZ,C 制造业,SZ001318,1
001319,铭科精技,SZ,C 制造业,SZ001319,1
001322,箭牌家居,SZ,C 制造业,SZ001322,1
001323,慕思股份,SZ,C 制造业,SZ001323,1
001324,长青科技,SZ,C 制造业,SZ001324,1
001325,元创股份,SZ,C 制造业,SZ001325,1
001326,联域股份,SZ,C 制造业,SZ001326,1
001328,登康口腔,SZ,C 制造业,SZ001328,1
001330,博纳影业,SZ,R 文化传播,SZ001330,1
001331,胜通能源,SZ,D 水电煤气,SZ001331,1
001332,锡装股份,SZ,C 制造业,SZ001332,1
001333,光华股份,SZ,C 制造业,SZ001333,1
001335,信凯科技,SZ,F 批发零售,SZ001335,1
001336,楚环科技,SZ,C 制造业,SZ001336,1
001337,四川黄金,SZ,B 采矿业,SZ001337,1
001338,永顺泰,SZ,C 制造业,SZ001338,1
001339,智微智能,SZ,C 制造业,SZ001339,1
001356,富岭股份,SZ,C 制造业,SZ001356,1
001358,兴欣新材,SZ,C 制造业,SZ001358,1
001359,平安电工,SZ,C 制造业,SZ001359,1
001360,南矿集团,SZ,C 制造业,SZ001360,1
001365,天海电子,SZ,C 制造业,SZ001365,1
001366,播恩集团,SZ,C 制造业,SZ001366,1
001367,海森药业,SZ,C 制造业,SZ001367,1
001368,通达创智,SZ,C 制造业,SZ001368,1
001369,双欣材料,SZ,C 制造业,SZ001369,1
001373,翔腾新材,SZ,C 制造业,SZ001373,1
001376,百通能源,SZ,D 水电煤气,SZ001376,1
001378,德冠新材,SZ,C 制造业,SZ001378,1
001379,腾达科技,SZ,C 制造业,SZ001379,1
001380,华纬科技,SZ,C 制造业,SZ001380,1
001382,新亚电缆,SZ,C 制造业,SZ001382,1
001386,马可波罗,SZ,C 制造业,SZ001386,1
001387,雪祺电气,SZ,C 制造业,SZ001387,1
001388,信通电子,SZ,C 制造业,SZ001388,1
001389,广合科技,SZ,C 制造业,SZ001389,1
001390,古麒绒材,SZ,C 制造业,SZ001390,1
001391,国货航,SZ,G 运输仓储,SZ001391,1
001393,维通利,SZ,C 制造业,SZ001393,1
001395,亚联机械,SZ,C 制造业,SZ001395,1
001396,誉帆科技,SZ,M 科研服务,SZ001396,1
001399,惠科股份,SZ,C 制造业,SZ001399,1
001400,江顺科技,SZ,C 制造业,SZ001400,1
001696,宗申动力,SZ,C 制造业,SZ001696,1
001872,招商港口,SZ,G 运输仓储,SZ001872,1
001896,豫能控股,SZ,D 水电煤气,SZ001896,1
001914,招商积余,SZ,K 房地产,SZ001914,1
001965,招商公路,SZ,G 运输仓储,SZ001965,1
002001,新和成,SZ,C 制造业,SZ002001,1
002003,伟星股份,SZ,C 制造业,SZ002003,1
002004,华邦健康,SZ,C 制造业,SZ002004,1
002005,德豪润达,SZ,C 制造业,SZ002005,1
002006,精工科技,SZ,C 制造业,SZ002006,1
002008,大族激光,SZ,C 制造业,SZ002008,1
002009,天奇股份,SZ,C 制造业,SZ002009,1
002010,传化智联,SZ,L 商务服务,SZ002010,1
002011,盾安环境,SZ,C 制造业,SZ002011,1
002012,凯恩股份,SZ,C 制造业,SZ002012,1
002014,永新股份,SZ,C 制造业,SZ002014,1
002015,协鑫能科,SZ,D 水电煤气,SZ002015,1
002016,世荣兆业,SZ,K 房地产,SZ002016,1
002017,东信和平,SZ,C 制造业,SZ002017,1
002019,亿帆医药,SZ,C 制造业,SZ002019,1
002020,京新药业,SZ,C 制造业,SZ002020,1
002021,中捷资源,SZ,C 制造业,SZ002021,1
002022,科华生物,SZ,C 制造业,SZ002022,1
002023,海特高新,SZ,C 制造业,SZ002023,1
002025,航天电器,SZ,C 制造业,SZ002025,1
002026,山东威达,SZ,C 制造业,SZ002026,1
002027,分众传媒,SZ,L 商务服务,SZ002027,1
002028,思源电气,SZ,C 制造业,SZ002028,1
002029,七匹狼,SZ,C 制造业,SZ002029,1
002030,达安基因,SZ,C 制造业,SZ002030,1
002031,巨轮智能,SZ,C 制造业,SZ002031,1
002032,苏泊尔,SZ,C 制造业,SZ002032,1
002033,丽江股份,SZ,N 公共环保,SZ002033,1
002034,旺能环境,SZ,D 水电煤气,SZ002034,1
002035,华帝股份,SZ,C 制造业,SZ002035,1
002036,联创电子,SZ,C 制造业,SZ002036,1
002037,保利联合,SZ,C 制造业,SZ002037,1
002038,双鹭药业,SZ,C 制造业,SZ002038,1
002039,黔源电力,SZ,D 水电煤气,SZ002039,1
002040,南京港,SZ,G 运输仓储,SZ002040,1
002041,登海种业,SZ,A 农林牧渔,SZ002041,1
002042,华孚时尚,SZ,C 制造业,SZ002042,1
002043,兔宝宝,SZ,C 制造业,SZ002043,1
002044,美年健康,SZ,Q 卫生,SZ002044,1
002045,国光电器,SZ,C 制造业,SZ002045,1
002046,国机精工,SZ,C 制造业,SZ002046,1
002047,宝鹰股份,SZ,E 建筑业,SZ002047,1
002048,宁波华翔,SZ,C 制造业,SZ002048,1
002050,三花智控,SZ,C 制造业,SZ002050,1
002051,中工国际,SZ,E 建筑业,SZ002051,1
002052,同洲电子,SZ,C 制造业,SZ002052,1
002053,云南能投,SZ,D 水电煤气,SZ002053,1
002054,德美化工,SZ,C 制造业,SZ002054,1
002056,横店东磁,SZ,C 制造业,SZ002056,1
002057,中钢天源,SZ,C 制造业,SZ002057,1
002058,威尔泰,SZ,C 制造业,SZ002058,1
002059,云南旅游,SZ,N 公共环保,SZ002059,1
002060,广东建工,SZ,E 建筑业,SZ002060,1
002061,浙江交科,SZ,E 建筑业,SZ002061,1
002062,宏润建设,SZ,E 建筑业,SZ002062,1
002063,远光软件,SZ,I 信息技术,SZ002063,1
002064,华峰化学,SZ,C 制造业,SZ002064,1
002065,东华软件,SZ,I 信息技术,SZ002065,1
002066,瑞泰科技,SZ,C 制造业,SZ002066,1
002067,景兴纸业,SZ,C 制造业,SZ002067,1
002068,黑猫股份,SZ,C 制造业,SZ002068,1
002069,獐子岛,SZ,A 农林牧渔,SZ002069,1
002072,凯瑞德,SZ,F 批发零售,SZ002072,1
002073,软控股份,SZ,C 制造业,SZ002073,1
002074,国轩高科,SZ,C 制造业,SZ002074,1
002075,沙钢股份,SZ,C 制造业,SZ002075,1
002076,星光股份,SZ,C 制造业,SZ002076,1
002077,大港股份,SZ,C 制造业,SZ002077,1
002078,太阳纸业,SZ,C 制造业,SZ002078,1
002079,苏州固锝,SZ,C 制造业,SZ002079,1
002080,中材科技,SZ,C 制造业,SZ002080,1
002081,金螳螂,SZ,E 建筑业,SZ002081,1
002083,孚日股份,SZ,C 制造业,SZ002083,1
002084,海鸥住工,SZ,C 制造业,SZ002084,1
002085,万丰奥威,SZ,C 制造业,SZ002085,1
002086,东方海洋,SZ,A 农林牧渔,SZ002086,1
002088,鲁阳节能,SZ,C 制造业,SZ002088,1
002090,金智科技,SZ,C 制造业,SZ002090,1
002091,江苏国泰,SZ,F 批发零售,SZ002091,1
002092,中泰化学,SZ,C 制造业,SZ002092,1
002093,国脉科技,SZ,I 信息技术,SZ002093,1
002094,青岛金王,SZ,C 制造业,SZ002094,1
002095,生意宝,SZ,I 信息技术,SZ002095,1
002096,易普力,SZ,C 制造业,SZ002096,1
002097,山河智能,SZ,C 制造业,SZ002097,1
002098,浔兴股份,SZ,C 制造业,SZ002098,1
002099,海翔药业,SZ,C 制造业,SZ002099,1
002100,天康生物,SZ,C 制造业,SZ002100,1
002101,广东鸿图,SZ,C 制造业,SZ002101,1
002103,广博股份,SZ,C 制造业,SZ002103,1
002104,恒宝股份,SZ,C 制造业,SZ002104,1
002105,信隆健康,SZ,C 制造业,SZ002105,1
002106,莱宝高科,SZ,C 制造业,SZ002106,1
002107,沃华医药,SZ,C 制造业,SZ002107,1
002108,沧州明珠,SZ,C 制造业,SZ002108,1
002110,三钢闽光,SZ,C 制造业,SZ002110,1
002111,威海广泰,SZ,C 制造业,SZ002111,1
002112,三变科技,SZ,C 制造业,SZ002112,1
002114,罗平锌电,SZ,C 制造业,SZ002114,1
002115,三维通信,SZ,L 商务服务,SZ002115,1
002116,中国海诚,SZ,E 建筑业,SZ002116,1
002117,东港股份,SZ,C 制造业,SZ002117,1
002119,康强电子,SZ,C 制造业,SZ002119,1
002120,韵达股份,SZ,G 运输仓储,SZ002120,1
002121,科陆电子,SZ,C 制造业,SZ002121,1
002123,梦网科技,SZ,I 信息技术,SZ002123,1
002124,天邦食品,SZ,A 农林牧渔,SZ002124,1
002125,湘潭电化,SZ,C 制造业,SZ002125,1
002126,银轮股份,SZ,C 制造业,SZ002126,1
002127,南极电商,SZ,L 商务服务,SZ002127,1
002128,电投能源,SZ,B 采矿业,SZ002128,1
002130,沃尔核材,SZ,C 制造业,SZ002130,1
002131,利欧股份,SZ,L 商务服务,SZ002131,1
002132,恒星科技,SZ,C 制造业,SZ002132,1
002133,广宇集团,SZ,K 房地产,SZ002133,1
002134,天津普林,SZ,C 制造业,SZ002134,1
002135,东南网架,SZ,C 制造业,SZ002135,1
002136,安纳达,SZ,C 制造业,SZ002136,1
002137,实益达,SZ,C 制造业,SZ002137,1
002138,顺络电子,SZ,C 制造业,SZ002138,1
002139,拓邦股份,SZ,C 制造业,SZ002139,1
002140,东华科技,SZ,E 建筑业,SZ002140,1
002141,贤丰控股,SZ,C 制造业,SZ002141,1
002142,宁波银行,SZ,J 金融业,SZ002142,1
002144,宏达高科,SZ,C 制造业,SZ002144,1
002145,钛能化学,SZ,C 制造业,SZ002145,1
002146,荣盛发展,SZ,K 房地产,SZ002146,1
002148,北纬科技,SZ,I 信息技术,SZ002148,1
002149,西部材料,SZ,C 制造业,SZ002149,1
002150,正泰电源,SZ,C 制造业,SZ002150,1
002151,北斗星通,SZ,C 制造业,SZ002151,1
002152,广电运通,SZ,C 制造业,SZ002152,1
002153,石基信息,SZ,I 信息技术,SZ002153,1
002154,报喜鸟,SZ,C 制造业,SZ002154,1
002155,湖南黄金,SZ,B 采矿业,SZ002155,1
002156,通富微电,SZ,C 制造业,SZ002156,1
002157,正邦科技,SZ,A 农林牧渔,SZ002157,1
002158,汉钟精机,SZ,C 制造业,SZ002158,1
002159,三特索道,SZ,N 公共环保,SZ002159,1
002160,常铝股份,SZ,C 制造业,SZ002160,1
002161,远望谷,SZ,C 制造业,SZ002161,1
002162,悦心健康,SZ,C 制造业,SZ002162,1
002163,海南发展,SZ,E 建筑业,SZ002163,1
002164,宁波东力,SZ,C 制造业,SZ002164,1
002165,红宝丽,SZ,C 制造业,SZ002165,1
002166,莱茵生物,SZ,C 制造业,SZ002166,1
002167,东方锆业,SZ,C 制造业,SZ002167,1
002169,智光电气,SZ,C 制造业,SZ002169,1
002170,芭田股份,SZ,C 制造业,SZ002170,1
002171,楚江新材,SZ,C 制造业,SZ002171,1
002172,澳洋健康,SZ,Q 卫生,SZ002172,1
002173,创新医疗,SZ,Q 卫生,SZ002173,1
002174,游族网络,SZ,I 信息技术,SZ002174,1
002176,江特电机,SZ,C 制造业,SZ002176,1
002177,御银股份,SZ,C 制造业,SZ002177,1
002178,延华智能,SZ,I 信息技术,SZ002178,1
002179,中航光电,SZ,C 制造业,SZ002179,1
002180,奔图科技,SZ,C 制造业,SZ002180,1
002181,粤传媒,SZ,L 商务服务,SZ002181,1
002182,宝武镁业,SZ,C 制造业,SZ002182,1
002183,怡亚通,SZ,L 商务服务,SZ002183,1
002184,海得控制,SZ,C 制造业,SZ002184,1
002185,华天科技,SZ,C 制造业,SZ002185,1
002186,全聚德,SZ,H 住宿餐饮,SZ002186,1
002187,广百股份,SZ,F 批发零售,SZ002187,1
002188,中天服务,SZ,K 房地产,SZ002188,1
002189,中光学,SZ,C 制造业,SZ002189,1
002190,成飞集成,SZ,C 制造业,SZ002190,1
002191,劲嘉股份,SZ,C 制造业,SZ002191,1
002192,融捷股份,SZ,B 采矿业,SZ002192,1
002194,武汉凡谷,SZ,C 制造业,SZ002194,1
002195,岩山科技,SZ,I 信息技术,SZ002195,1
002196,方正电机,SZ,C 制造业,SZ002196,1
002197,证通电子,SZ,I 信息技术,SZ002197,1
002199,东晶电子,SZ,C 制造业,SZ002199,1
002200,交投生态,SZ,E 建筑业,SZ002200,1
002201,九鼎新材,SZ,C 制造业,SZ002201,1
002202,金风科技,SZ,C 制造业,SZ002202,1
002203,海亮股份,SZ,C 制造业,SZ002203,1
002204,大连重工,SZ,C 制造业,SZ002204,1
002205,国统股份,SZ,C 制造业,SZ002205,1
002206,海利得,SZ,C 制造业,SZ002206,1
002208,合肥城建,SZ,K 房地产,SZ002208,1
002209,达意隆,SZ,C 制造业,SZ002209,1
002210,飞马国际,SZ,L 商务服务,SZ002210,1
002212,天融信,SZ,I 信息技术,SZ002212,1
002213,大为股份,SZ,C 制造业,SZ002213,1
002214,大立科技,SZ,C 制造业,SZ002214,1
002215,诺普信,SZ,C 制造业,SZ002215,1
002216,三全食品,SZ,C 制造业,SZ002216,1
002218,拓日新能,SZ,C 制造业,SZ002218,1
002219,新里程,SZ,Q 卫生,SZ002219,1
002221,东华能源,SZ,F 批发零售,SZ002221,1
002222,福晶科技,SZ,C 制造业,SZ002222,1
002223,鱼跃医疗,SZ,C 制造业,SZ002223,1
002224,三力士,SZ,C 制造业,SZ002224,1
002225,濮耐股份,SZ,C 制造业,SZ002225,1
002226,江南化工,SZ,C 制造业,SZ002226,1
002228,合兴包装,SZ,C 制造业,SZ002228,1
002229,鸿博股份,SZ,C 制造业,SZ002229,1
002232,启明信息,SZ,I 信息技术,SZ002232,1
002233,塔牌集团,SZ,C 制造业,SZ002233,1
002234,民和股份,SZ,A 农林牧渔,SZ002234,1
002235,安妮股份,SZ,C 制造业,SZ002235,1
002236,大华股份,SZ,C 制造业,SZ002236,1
002237,恒邦股份,SZ,C 制造业,SZ002237,1
002238,天威视讯,SZ,I 信息技术,SZ002238,1
002239,奥特佳,SZ,C 制造业,SZ002239,1
002240,盛新锂能,SZ,C 制造业,SZ002240,1
002241,歌尔股份,SZ,C 制造业,SZ002241,1
002242,九阳股份,SZ,C 制造业,SZ002242,1
002243,力合科创,SZ,C 制造业,SZ002243,1
002244,滨江集团,SZ,K 房地产,SZ002244,1
002245,蔚蓝锂芯,SZ,C 制造业,SZ002245,1
002246,北化股份,SZ,C 制造业,SZ002246,1
002247,聚力文化,SZ,C 制造业,SZ002247,1
002248,华东数控,SZ,C 制造业,SZ002248,1
002249,大洋电机,SZ,C 制造业,SZ002249,1
002250,联化科技,SZ,C 制造业,SZ002250,1
002251,步步高,SZ,F 批发零售,SZ002251,1
002252,上海莱士,SZ,C 制造业,SZ002252,1
002253,川大智胜,SZ,I 信息技术,SZ002253,1
002254,泰和新材,SZ,C 制造业,SZ002254,1
002255,海陆重工,SZ,C 制造业,SZ002255,1
002256,兆新股份,SZ,D 水电煤气,SZ002256,1
002258,利尔化学,SZ,C 制造业,SZ002258,1
002259,升达林业,SZ,D 水电煤气,SZ002259,1
002261,拓维信息,SZ,I 信息技术,SZ002261,1
002262,恩华药业,SZ,C 制造业,SZ002262,1
002263,大东南,SZ,C 制造业,SZ002263,1
002264,新华都,SZ,I 信息技术,SZ002264,1
002265,建设工业,SZ,C 制造业,SZ002265,1
002266,浙富控股,SZ,N 公共环保,SZ002266,1
002267,陕天然气,SZ,D 水电煤气,SZ002267,1
002268,电科网安,SZ,I 信息技术,SZ002268,1
002269,美邦服饰,SZ,C 制造业,SZ002269,1
002270,华明装备,SZ,C 制造业,SZ002270,1
002271,东方雨虹,SZ,C 制造业,SZ002271,1
002272,川润股份,SZ,C 制造业,SZ002272,1
002273,水晶光电,SZ,C 制造业,SZ002273,1
002274,华昌化工,SZ,C 制造业,SZ002274,1
002275,桂林三金,SZ,C 制造业,SZ002275,1
002276,万马股份,SZ,C 制造业,SZ002276,1
002277,友阿股份,SZ,F 批发零售,SZ002277,1
002278,神开股份,SZ,C 制造业,SZ002278,1
002279,久其软件,SZ,I 信息技术,SZ002279,1
002281,光迅科技,SZ,C 制造业,SZ002281,1
002282,博深股份,SZ,C 制造业,SZ002282,1
002283,天润工业,SZ,C 制造业,SZ002283,1
002284,亚太股份,SZ,C 制造业,SZ002284,1
002285,世联行,SZ,K 房地产,SZ002285,1
002286,保龄宝,SZ,C 制造业,SZ002286,1
002287,奇正藏药,SZ,C 制造业,SZ002287,1
002289,宇顺电子,SZ,C 制造业,SZ002289,1
002290,禾盛新材,SZ,C 制造业,SZ002290,1
002291,遥望科技,SZ,I 信息技术,SZ002291,1
002292,奥飞娱乐,SZ,C 制造业,SZ002292,1
002293,罗莱生活,SZ,C 制造业,SZ002293,1
002294,信立泰,SZ,C 制造业,SZ002294,1
002295,精艺股份,SZ,C 制造业,SZ002295,1
002296,辉煌科技,SZ,C 制造业,SZ002296,1
002297,博云新材,SZ,C 制造业,SZ002297,1
002298,中电鑫龙,SZ,C 制造业,SZ002298,1
002299,圣农发展,SZ,C 制造业,SZ002299,1
002300,太阳电缆,SZ,C 制造业,SZ002300,1
002301,齐心集团,SZ,C 制造业,SZ002301,1
002302,西部建设,SZ,C 制造业,SZ002302,1
002303,美盈森,SZ,C 制造业,SZ002303,1
002304,洋河股份,SZ,C 制造业,SZ002304,1
002307,北新路桥,SZ,E 建筑业,SZ002307,1
002309,中利集团,SZ,C 制造业,SZ002309,1
002310,东方新能,SZ,D 水电煤气,SZ002310,1
002311,海大集团,SZ,C 制造业,SZ002311,1
002312,川发龙蟒,SZ,C 制造业,SZ002312,1
002313,日海智能,SZ,C 制造业,SZ002313,1
002314,南山控股,SZ,K 房地产,SZ002314,1
002315,焦点科技,SZ,I 信息技术,SZ002315,1
002316,亚联发展,SZ,I 信息技术,SZ002316,1
002317,众生药业,SZ,C 制造业,SZ002317,1
002318,久立特材,SZ,C 制造业,SZ002318,1
002319,乐通股份,SZ,C 制造业,SZ002319,1
002320,海峡股份,SZ,G 运输仓储,SZ002320,1
002321,华英农业,SZ,A 农林牧渔,SZ002321,1
002322,理工能科,SZ,I 信息技术,SZ002322,1
002324,普利特,SZ,C 制造业,SZ002324,1
002326,永太科技,SZ,C 制造业,SZ002326,1
002327,富安娜,SZ,C 制造业,SZ002327,1
002328,新朋股份,SZ,C 制造业,SZ002328,1
002329,皇氏集团,SZ,C 制造业,SZ002329,1
002330,得利斯,SZ,C 制造业,SZ002330,1
002331,皖通科技,SZ,I 信息技术,SZ002331,1
002332,仙琚制药,SZ,C 制造业,SZ002332,1
002333,罗普斯金,SZ,C 制造业,SZ002333,1
002334,英威腾,SZ,C 制造业,SZ002334,1
002335,科华数据,SZ,C 制造业,SZ002335,1
002337,赛象科技,SZ,C 制造业,SZ002337,1
002338,奥普光电,SZ,C 制造业,SZ002338,1
002339,积成电子,SZ,C 制造业,SZ002339,1
002340,格林美,SZ,C 制造业,SZ002340,1
002342,巨力索具,SZ,C 制造业,SZ002342,1
002343,慈文传媒,SZ,R 文化传播,SZ002343,1
002344,海宁皮城,SZ,L 商务服务,SZ002344,1
002345,潮宏基,SZ,C 制造业,SZ002345,1
002346,柘中股份,SZ,C 制造业,SZ002346,1
002347,泰尔股份,SZ,C 制造业,SZ002347,1
002348,高乐股份,SZ,C 制造业,SZ002348,1
002349,精华制药,SZ,C 制造业,SZ002349,1
002350,北京科锐,SZ,C 制造业,SZ002350,1
002351,漫步者,SZ,C 制造业,SZ002351,1
002352,顺丰控股,SZ,G 运输仓储,SZ002352,1
002353,杰瑞股份,SZ,C 制造业,SZ002353,1
002354,天娱数科,SZ,I 信息技术,SZ002354,1
002355,兴民智通,SZ,C 制造业,SZ002355,1
002356,鹏飞绿能,SZ,F 批发零售,SZ002356,1
002357,富临运业,SZ,G 运输仓储,SZ002357,1
002358,森源电气,SZ,C 制造业,SZ002358,1
002361,神剑股份,SZ,C 制造业,SZ002361,1
002362,汉王科技,SZ,C 制造业,SZ002362,1
002363,隆基机械,SZ,C 制造业,SZ002363,1
002364,中恒电气,SZ,C 制造业,SZ002364,1
002365,永安药业,SZ,C 制造业,SZ002365,1
002366,融发核电,SZ,C 制造业,SZ002366,1
002367,康力电梯,SZ,C 制造业,SZ002367,1
002368,太极股份,SZ,I 信息技术,SZ002368,1
002369,卓翼科技,SZ,C 制造业,SZ002369,1
002370,亚太药业,SZ,C 制造业,SZ002370,1
002372,伟星新材,SZ,C 制造业,SZ002372,1
002373,千方科技,SZ,I 信息技术,SZ002373,1
002374,中锐股份,SZ,C 制造业,SZ002374,1
002375,亚厦股份,SZ,E 建筑业,SZ002375,1
002376,新北洋,SZ,C 制造业,SZ002376,1
002377,国创高新,SZ,C 制造业,SZ002377,1
002378,章源钨业,SZ,C 制造业,SZ002378,1
002379,宏桥控股,SZ,C 制造业,SZ002379,1
002380,科远智慧,SZ,I 信息技术,SZ002380,1
002381,双箭股份,SZ,C 制造业,SZ002381,1
002382,蓝帆医疗,SZ,C 制造业,SZ002382,1
002383,合众思壮,SZ,C 制造业,SZ002383,1
002384,东山精密,SZ,C 制造业,SZ002384,1
002385,大北农,SZ,C 制造业,SZ002385,1
002386,天原股份,SZ,C 制造业,SZ002386,1
002387,维信诺,SZ,C 制造业,SZ002387,1
002388,新亚制程,SZ,C 制造业,SZ002388,1
002389,航天彩虹,SZ,C 制造业,SZ002389,1
002390,信邦制药,SZ,F 批发零售,SZ002390,1
002391,长青股份,SZ,C 制造业,SZ002391,1
002392,北京利尔,SZ,C 制造业,SZ002392,1
002393,力生制药,SZ,C 制造业,SZ002393,1
002394,联发股份,SZ,C 制造业,SZ002394,1
002395,双象股份,SZ,C 制造业,SZ002395,1
002396,星网锐捷,SZ,C 制造业,SZ002396,1
002397,梦洁股份,SZ,C 制造业,SZ002397,1
002398,垒知集团,SZ,C 制造业,SZ002398,1
002399,海普瑞,SZ,C 制造业,SZ002399,1
002400,省广集团,SZ,L 商务服务,SZ002400,1
002401,中远海科,SZ,I 信息技术,SZ002401,1
002402,和而泰,SZ,C 制造业,SZ002402,1
002403,爱仕达,SZ,C 制造业,SZ002403,1
002404,嘉欣丝绸,SZ,C 制造业,SZ002404,1
002405,四维图新,SZ,I 信息技术,SZ002405,1
002406,远东传动,SZ,C 制造业,SZ002406,1
002407,多氟多,SZ,C 制造业,SZ002407,1
002408,齐翔腾达,SZ,C 制造业,SZ002408,1
002409,雅克科技,SZ,C 制造业,SZ002409,1
002410,广联达,SZ,I 信息技术,SZ002410,1
002412,汉森制药,SZ,C 制造业,SZ002412,1
002413,雷科防务,SZ,C 制造业,SZ002413,1
002414,高德红外,SZ,C 制造业,SZ002414,1
002416,爱施德,SZ,F 批发零售,SZ002416,1
002418,康盛股份,SZ,C 制造业,SZ002418,1
002419,天虹股份,SZ,F 批发零售,SZ002419,1
002420,毅昌科技,SZ,C 制造业,SZ002420,1
002421,达实智能,SZ,I 信息技术,SZ002421,1
002422,科伦药业,SZ,C 制造业,SZ002422,1
002423,中粮资本,SZ,J 金融业,SZ002423,1
002425,凯撒文化,SZ,I 信息技术,SZ002425,1
002426,胜利精密,SZ,C 制造业,SZ002426,1
002427,尤夫股份,SZ,C 制造业,SZ002427,1
002428,云南锗业,SZ,C 制造业,SZ002428,1
002429,兆驰股份,SZ,C 制造业,SZ002429,1
002430,杭氧股份,SZ,C 制造业,SZ002430,1
002432,九安医疗,SZ,C 制造业,SZ002432,1
002434,万里扬,SZ,C 制造业,SZ002434,1
002436,兴森科技,SZ,C 制造业,SZ002436,1
002437,誉衡药业,SZ,C 制造业,SZ002437,1
002438,江苏神通,SZ,C 制造业,SZ002438,1
002439,启明星辰,SZ,I 信息技术,SZ002439,1
002440,闰土股份,SZ,C 制造业,SZ002440,1
002441,众业达,SZ,F 批发零售,SZ002441,1
002442,龙星科技,SZ,C 制造业,SZ002442,1
002443,金洲管道,SZ,C 制造业,SZ002443,1
002444,巨星科技,SZ,C 制造业,SZ002444,1
002445,中南文化,SZ,C 制造业,SZ002445,1
002446,盛路通信,SZ,C 制造业,SZ002446,1
002448,中原内配,SZ,C 制造业,SZ002448,1
002449,国星光电,SZ,C 制造业,SZ002449,1
002451,摩恩电气,SZ,C 制造业,SZ002451,1
002452,长高电气,SZ,C 制造业,SZ002452,1
002453,华软科技,SZ,C 制造业,SZ002453,1
002454,松芝股份,SZ,C 制造业,SZ002454,1
002455,百川股份,SZ,C 制造业,SZ002455,1
002456,欧菲光,SZ,C 制造业,SZ002456,1
002457,青龙管业,SZ,C 制造业,SZ002457,1
002458,益生股份,SZ,A 农林牧渔,SZ002458,1
002459,晶澳科技,SZ,C 制造业,SZ002459,1
